"codice","nome","cognome","cf","indirizzo","tel","email","dataNas"
"1","Giuseppe","Bianchi","BNCGSP94H19Y994H","Via Donizetti, 47, 24040 Clusone (BG)","369091984","giuseppe.bianchi67@gmail.com","1994-06-19"
"2","Lorenzo","Colombo","CLMLRN98P13D158W","Via Cavour, 98, 24087 Seriate (BG)","333732444","lorenzo.colombo72@gmail.com","1998-09-13"
"3","Greta","Greco","GRCGRT82L47B336S","Via Donizetti, 117, 24013 Treviglio (BG)","346028615","greta.greco29@gmail.com","1982-07-07"
"4","Lorenzo","Ferrari","FRRLRN53E25E979R","Via Papa Giovanni XXIII, 77, 24076 Albino (BG)","375380579","lorenzo.ferrari04@gmail.com","1953-05-25"
"5","Anna","Russo","RSSNNX93M51T765R","Via Verdi, 20, 24041 Bergamo (BG)","362947416","anna.russo99@gmail.com","1993-08-11"
"6","Maria","Rossi","RSSMRX52E43E794H","Via Crescenzi, 106, 24073 Osio Sotto (BG)","373509614","maria.rossi30@gmail.com","1952-05-03"
"7","Lorenzo","Costa","CSTLRN58T17O871F","Via Verdi, 72, 24046 Bergamo (BG)","396857002","lorenzo.costa26@gmail.com","1958-12-17"
"8","Greta","Rossi","RSSGRT62T68D756A","Via Carducci, 122, 24044 Osio Sotto (BG)","328323902","greta.rossi83@gmail.com","1962-12-28"
"9","Riccardo","Conti","CNTRCC64S04I426J","Via Donizetti, 124, 24057 Dalmine (BG)","336990768","riccardo.conti04@gmail.com","1964-11-04"
"10","Sara","Mancini","MNCSRX88L61B127Q","Via Giovanni Paolo II, 114, 24096 Treviglio (BG)","328414494","sara.mancini74@gmail.com","1988-07-21"
"11","Martina","Gallo","GLLMRT72R55L719G","Via Papa Giovanni XXIII, 101, 24040 Bergamo (BG)","398606121","martina.gallo19@gmail.com","1972-10-15"
"12","Emma","Gallo","GLLMMX96M41Z789C","Via Crescenzi, 129, 24061 Bergamo (BG)","377738733","emma.gallo93@gmail.com","1996-08-01"
"13","Vittoria","Colombo","CLMVTT93D52A854U","Via Guglielmo d'Alzano, 19, 24016 Osio Sotto (BG)","378572555","vittoria.colombo21@gmail.com","1993-04-12"
"14","Christian","Leone","LNXCHR76M29C409Q","Via Carducci, 14, 24030 Osio Sotto (BG)","374740769","christian.leone09@gmail.com","1976-08-29"
"15","Aurora","Gallo","GLLRRX64B65T981C","Viale Vittorio Emanuele II, 83, 24003 Dalmine (BG)","337247754","aurora.gallo34@gmail.com","1964-02-25"
"16","Anna","Ricci","RCCNNX93E58O766T","Via Leopardi, 3, 24006 Stezzano (BG)","380451661","anna.ricci57@gmail.com","1993-05-18"
"17","Martina","Rizzo","RZZMRT57D44G667N","Viale Vittorio Emanuele II, 66, 24095 Albino (BG)","362269886","martina.rizzo91@gmail.com","1957-04-04"
"18","Maria","Bruno","BRNMRX88M44H840U","Via Verdi, 4, 24067 Albino (BG)","380294386","maria.bruno39@gmail.com","1988-08-04"
"19","Christian","Marino","MRNCHR76P29B789H","Via Roma, 40, 24061 Stezzano (BG)","373075440","christian.marino27@gmail.com","1976-09-29"
"20","Luca","Greco","GRCLCX71L02D285R","Via San Bernardino, 55, 24096 Bergamo (BG)","373651410","luca.greco84@gmail.com","1971-07-02"
"21","Federico","Conti","CNTFDR78R07U216Z","Via Roma, 78, 24001 Bergamo (BG)","363654425","federico.conti26@gmail.com","1978-10-07"
"22","Emma","Esposito","SPSMMX00S41U652Z","Via Roma, 52, 24024 Seriate (BG)","356888677","emma.esposito04@gmail.com","2000-11-01"
"23","Giuseppe","Rossi","RSSGSP63T21E540J","Via Donizetti, 118, 24027 Bergamo (BG)","339753739","giuseppe.rossi19@gmail.com","1963-12-21"
"24","Simone","Gallo","GLLSMN96D22J166V","Via Leopardi, 54, 24067 Bergamo (BG)","328087602","simone.gallo95@gmail.com","1996-04-22"
"25","Antonio","Caruso","CRSNTN68C28W261S","Via Crescenzi, 60, 24040 Stezzano (BG)","351144804","antonio.caruso27@gmail.com","1968-03-28"
"26","Alice","Romano","RMNLCX99C50O790U","Via Giovanni Paolo II, 106, 24044 Dalmine (BG)","332655279","alice.romano62@gmail.com","1999-03-10"
"27","Davide","Costa","CSTDVD98S08S888A","Via Giovanni Paolo II, 87, 24046 Bergamo (BG)","350650086","davide.costa58@gmail.com","1998-11-08"
"28","Luca","Conti","CNTLCX69R14A306Y","Via Giovanni Paolo II, 71, 24052 Albino (BG)","395886627","luca.conti33@gmail.com","1969-10-14"
"29","Giovanni","Rossi","RSSGVN57T30U736R","Via Carducci, 114, 24071 Stezzano (BG)","366965325","giovanni.rossi82@gmail.com","1957-12-30"
"30","Chiara","Rizzo","RZZCHR69E49A654F","Via Papa Giovanni XXIII, 111, 24076 Bergamo (BG)","323639030","chiara.rizzo21@gmail.com","1969-05-09"
"31","Giuseppe","Conti","CNTGSP01P27R506Y","Via Donizetti, 35, 24098 Clusone (BG)","397078997","giuseppe.conti40@gmail.com","2001-09-27"
"32","Riccardo","Romano","RMNRCC71E07H665I","Via Guglielmo d'Alzano, 66, 24052 Treviglio (BG)","365600397","riccardo.romano43@gmail.com","1971-05-07"
"33","Anna","Bianchi","BNCNNX05T59Z091U","Via Leopardi, 26, 24046 Seriate (BG)","348507756","anna.bianchi53@gmail.com","2005-12-19"
"34","Aurora","Russo","RSSRRX05A60U449A","Via Giovanni Paolo II, 132, 24096 Stezzano (BG)","379173587","aurora.russo10@gmail.com","2005-01-20"
"35","Giuseppe","Caruso","CRSGSP52E23L096S","Viale Vittorio Emanuele II, 55, 24040 Bergamo (BG)","394927157","giuseppe.caruso21@gmail.com","1952-05-23"
"36","Lorenzo","Gallo","GLLLRN91H01X424E","Via Papa Giovanni XXIII, 85, 24098 Treviglio (BG)","377473405","lorenzo.gallo01@gmail.com","1991-06-01"
"37","Sara","Costa","CSTSRX58E67T448I","Via Roma, 135, 24039 Dalmine (BG)","371451548","sara.costa65@gmail.com","1958-05-27"
"38","Anna","Ferrari","FRRNNX98M50Q020H","Via Guglielmo d'Alzano, 26, 24053 Clusone (BG)","397716513","anna.ferrari24@gmail.com","1998-08-10"
"39","Sofia","Gallo","GLLSFX53B60G086S","Via Leopardi, 14, 24037 Stezzano (BG)","398602076","sofia.gallo12@gmail.com","1953-02-20"
"40","Vittoria","Rossi","RSSVTT90P46H981I","Via Garibaldi, 110, 24033 Albino (BG)","368020039","vittoria.rossi06@gmail.com","1990-09-06"
"41","Davide","Bruno","BRNDVD92S25Q051S","Via Roma, 135, 24003 Bergamo (BG)","325301076","davide.bruno06@gmail.com","1992-11-25"
"42","Anna","Mancini","MNCNNX67A43A050T","Via Cavour, 112, 24041 Albino (BG)","356642914","anna.mancini99@gmail.com","1967-01-03"
"43","Vittoria","Gallo","GLLVTT64S48Y617C","Via Crescenzi, 84, 24027 Albino (BG)","368373015","vittoria.gallo80@gmail.com","1964-11-08"
"44","Greta","Colombo","CLMGRT68H42T844C","Via Leopardi, 130, 24017 Clusone (BG)","344855856","greta.colombo17@gmail.com","1968-06-02"
"45","Alessandro","Romano","RMNLSS69T05D136B","Via Donizetti, 66, 24082 Albino (BG)","330175916","alessandro.romano20@gmail.com","1969-12-05"
"46","Maria","Rossi","RSSMRX69E68T222V","Via Crescenzi, 68, 24037 Seriate (BG)","359362607","maria.rossi90@gmail.com","1969-05-28"
"47","Chiara","Rizzo","RZZCHR55B67C600Q","Via Roma, 112, 24012 Osio Sotto (BG)","393650412","chiara.rizzo52@gmail.com","1955-02-27"
"48","Luca","Romano","RMNLCX85A06O413H","Via Papa Giovanni XXIII, 52, 24012 Bergamo (BG)","347501888","luca.romano35@gmail.com","1985-01-06"
"49","Christian","Gallo","GLLCHR59R18P930L","Via Carducci, 113, 24087 Bergamo (BG)","363238700","christian.gallo65@gmail.com","1959-10-18"
"50","Giulia","Ferrari","FRRGLX71S56R561B","Via Guglielmo d'Alzano, 129, 24030 Stezzano (BG)","379673771","giulia.ferrari67@gmail.com","1971-11-16"
"51","Sofia","Fontana","FNTSFX59L64L287T","Via Garibaldi, 42, 24020 Osio Sotto (BG)","361122019","sofia.fontana18@gmail.com","1959-07-24"
"52","Riccardo","Fontana","FNTRCC90A13U786I","Via Guglielmo d'Alzano, 20, 24068 Treviglio (BG)","358903107","riccardo.fontana65@gmail.com","1990-01-13"
"53","Sara","Marino","MRNSRX57D69Y784E","Via Papa Giovanni XXIII, 102, 24046 Stezzano (BG)","336228046","sara.marino35@gmail.com","1957-04-29"
"54","Alessandro","Costa","CSTLSS69D25M112U","Via San Bernardino, 70, 24095 Treviglio (BG)","347694973","alessandro.costa28@gmail.com","1969-04-25"
"55","Emma","Romano","RMNMMX02P51L191M","Via Papa Giovanni XXIII, 134, 24027 Albino (BG)","350589956","emma.romano73@gmail.com","2002-09-11"
"56","Martina","Rossi","RSSMRT02A69I050E","Via Guglielmo d'Alzano, 143, 24076 Albino (BG)","320981721","martina.rossi26@gmail.com","2002-01-29"
"57","Chiara","Bianchi","BNCCHR80B43G453R","Via Roma, 121, 24044 Albino (BG)","385649255","chiara.bianchi78@gmail.com","1980-02-03"
"58","Aurora","Bianchi","BNCRRX98P46T971V","Via Donizetti, 90, 24041 Treviglio (BG)","329657165","aurora.bianchi78@gmail.com","1998-09-06"
"59","Alice","Gallo","GLLLCX73E52M823G","Via Leopardi, 97, 24087 Treviglio (BG)","335178583","alice.gallo01@gmail.com","1973-05-12"
"60","Davide","Costa","CSTDVD55P26H085P","Via Carducci, 148, 24016 Seriate (BG)","375349440","davide.costa93@gmail.com","1955-09-26"
"61","Matteo","Leone","LNXMTT66T22D906U","Via Roma, 1, 24087 Stezzano (BG)","397524179","matteo.leone24@gmail.com","1966-12-22"
"62","Francesco","Bianchi","BNCFRN64E30T010J","Via Giovanni Paolo II, 113, 24001 Bergamo (BG)","370876224","francesco.bianchi48@gmail.com","1964-05-30"
"63","Matteo","Fontana","FNTMTT59B02Z248P","Via Cavour, 110, 24030 Seriate (BG)","360855820","matteo.fontana57@gmail.com","1959-02-02"
"64","Aurora","Colombo","CLMRRX63M47Q651G","Via San Bernardino, 14, 24024 Albino (BG)","370030449","aurora.colombo68@gmail.com","1963-08-07"
"65","Sara","Costa","CSTSRX69M57G609W","Via Cavour, 26, 24013 Albino (BG)","377864862","sara.costa45@gmail.com","1969-08-17"
"66","Christian","Greco","GRCCHR00T17Y183I","Via Garibaldi, 41, 24037 Stezzano (BG)","368820406","christian.greco65@gmail.com","2000-12-17"
"67","Giuseppe","Ricci","RCCGSP62E25I686M","Via Roma, 72, 24003 Osio Sotto (BG)","342176731","giuseppe.ricci09@gmail.com","1962-05-25"
"68","Valentina","Costa","CSTVLN56M63D868Q","Via Roma, 144, 24026 Clusone (BG)","347802995","valentina.costa94@gmail.com","1956-08-23"
"69","Christian","Fontana","FNTCHR82T10M434S","Via San Bernardino, 28, 24094 Seriate (BG)","379449950","christian.fontana53@gmail.com","1982-12-10"
"70","Francesco","Greco","GRCFRN68L29Z921F","Via Garibaldi, 76, 24061 Bergamo (BG)","396488654","francesco.greco67@gmail.com","1968-07-29"
"71","Francesco","Greco","GRCFRN93H28M287L","Via Leopardi, 64, 24087 Dalmine (BG)","330596367","francesco.greco46@gmail.com","1993-06-28"
"72","Maria","Ricci","RCCMRX80A42S771O","Via Garibaldi, 27, 24094 Stezzano (BG)","349771856","maria.ricci69@gmail.com","1980-01-02"
"73","Chiara","Colombo","CLMCHR53M45V385P","Via Donizetti, 51, 24039 Treviglio (BG)","393012298","chiara.colombo84@gmail.com","1953-08-05"
"74","Francesco","Mancini","MNCFRN71D07U590M","Via Palma il Vecchio, 118, 24087 Bergamo (BG)","389656491","francesco.mancini82@gmail.com","1971-04-07"
"75","Alessandro","Conti","CNTLSS50L04V995C","Via Roma, 109, 24046 Stezzano (BG)","381916728","alessandro.conti60@gmail.com","1950-07-04"
"76","Sara","Greco","GRCSRX65A65B977A","Via Guglielmo d'Alzano, 58, 24030 Albino (BG)","386092623","sara.greco96@gmail.com","1965-01-25"
"77","Marco","Rizzo","RZZMRC00H07E490J","Via Leopardi, 125, 24071 Bergamo (BG)","326045446","marco.rizzo29@gmail.com","2000-06-07"
"78","Emma","Conti","CNTMMX02T71I468N","Via Giovanni Paolo II, 89, 24046 Clusone (BG)","326497791","emma.conti58@gmail.com","2002-12-31"
"79","Christian","Bruno","BRNCHR71S15P920I","Via San Bernardino, 15, 24024 Clusone (BG)","348701323","christian.bruno04@gmail.com","1971-11-15"
"80","Andrea","Romano","RMNNDR51H24V255A","Viale Vittorio Emanuele II, 59, 24033 Bergamo (BG)","393270340","andrea.romano96@gmail.com","1951-06-24"
"81","Matteo","Rizzo","RZZMTT82S12D550N","Via Verdi, 44, 24052 Bergamo (BG)","383581728","matteo.rizzo19@gmail.com","1982-11-12"
"82","Marco","Rizzo","RZZMRC89A12K015X","Via Leopardi, 140, 24098 Osio Sotto (BG)","390143057","marco.rizzo92@gmail.com","1989-01-12"
"83","Federico","Greco","GRCFDR56M21T398Z","Via Guglielmo d'Alzano, 56, 24055 Seriate (BG)","331352594","federico.greco78@gmail.com","1956-08-21"
"84","Christian","Russo","RSSCHR91L31R203R","Via Verdi, 117, 24016 Osio Sotto (BG)","327725911","christian.russo80@gmail.com","1991-07-31"
"85","Emma","Costa","CSTMMX02S61O760F","Via Guglielmo d'Alzano, 126, 24053 Seriate (BG)","324191185","emma.costa97@gmail.com","2002-11-21"
"86","Riccardo","Colombo","CLMRCC64H17R411B","Via Palma il Vecchio, 79, 24029 Clusone (BG)","390500877","riccardo.colombo45@gmail.com","1964-06-17"
"87","Christian","Bruno","BRNCHR76H15Q988F","Via Giovanni Paolo II, 37, 24096 Dalmine (BG)","354203124","christian.bruno71@gmail.com","1976-06-15"
"88","Vittoria","Leone","LNXVTT99B60N733H","Via Guglielmo d'Alzano, 20, 24033 Clusone (BG)","352910263","vittoria.leone90@gmail.com","1999-02-20"
"89","Martina","Fontana","FNTMRT03B44Y969V","Via Garibaldi, 68, 24067 Stezzano (BG)","356762160","martina.fontana50@gmail.com","2003-02-04"
"90","Giovanni","De Luca","DLCGVN69E18K370T","Via Palma il Vecchio, 45, 24016 Clusone (BG)","377913156","giovanni.deluca74@gmail.com","1969-05-18"
"91","Francesca","Mancini","MNCFRN67B50I191Q","Via Carducci, 143, 24001 Albino (BG)","399962931","francesca.mancini43@gmail.com","1967-02-10"
"92","Marco","Ricci","RCCMRC87D01S859F","Via Guglielmo d'Alzano, 99, 24058 Albino (BG)","332852498","marco.ricci64@gmail.com","1987-04-01"
"93","Greta","Russo","RSSGRT76L69K685B","Viale Vittorio Emanuele II, 85, 24053 Dalmine (BG)","380663911","greta.russo52@gmail.com","1976-07-29"
"94","Maria","Bianchi","BNCMRX66M61O091K","Via Cavour, 146, 24068 Albino (BG)","391637149","maria.bianchi21@gmail.com","1966-08-21"
"95","Antonio","Caruso","CRSNTN92P19R884C","Via Leopardi, 64, 24082 Albino (BG)","342981224","antonio.caruso35@gmail.com","1992-09-19"
"96","Luca","Russo","RSSLCX95C30O603N","Via Garibaldi, 84, 24017 Stezzano (BG)","338872391","luca.russo01@gmail.com","1995-03-30"
"97","Andrea","Conti","CNTNDR76R27G763Y","Via Giovanni Paolo II, 83, 24082 Albino (BG)","331499171","andrea.conti25@gmail.com","1976-10-27"
"98","Alice","Ferrari","FRRLCX03D64L993I","Via Guglielmo d'Alzano, 68, 24098 Osio Sotto (BG)","323561036","alice.ferrari68@gmail.com","2003-04-24"
"99","Greta","Greco","GRCGRT69R64G673N","Via Crescenzi, 72, 24037 Bergamo (BG)","374320951","greta.greco12@gmail.com","1969-10-24"
"100","Anna","Costa","CSTNNX53D53C909O","Viale Vittorio Emanuele II, 128, 24022 Stezzano (BG)","398236326","anna.costa20@gmail.com","1953-04-13"
"101","Sara","Romano","RMNSRX58B60A739H","Via Verdi, 120, 24014 Clusone (BG)","362100584","sara.romano21@gmail.com","1958-02-20"
"102","Giovanni","Russo","RSSGVN91S12K762P","Via Crescenzi, 57, 24044 Clusone (BG)","399589470","giovanni.russo18@gmail.com","1991-11-12"
"103","Lorenzo","Costa","CSTLRN54M22M135Y","Via Leopardi, 113, 24020 Albino (BG)","363313383","lorenzo.costa44@gmail.com","1954-08-22"
"104","Lorenzo","Rossi","RSSLRN98B25H942C","Via Carducci, 68, 24037 Stezzano (BG)","355939243","lorenzo.rossi47@gmail.com","1998-02-25"
"105","Matteo","Fontana","FNTMTT68L04G566J","Via Garibaldi, 70, 24087 Stezzano (BG)","374470588","matteo.fontana80@gmail.com","1968-07-04"
"106","Alessandro","Costa","CSTLSS85M05O565C","Via Roma, 99, 24006 Dalmine (BG)","385477575","alessandro.costa07@gmail.com","1985-08-05"
"107","Marco","Ricci","RCCMRC52T31E913X","Via Carducci, 94, 24020 Clusone (BG)","340122996","marco.ricci21@gmail.com","1952-12-31"
"108","Martina","Rossi","RSSMRT80B68Y124V","Via Garibaldi, 68, 24012 Treviglio (BG)","354724771","martina.rossi08@gmail.com","1980-02-28"
"109","Simone","Bruno","BRNSMN88H18Z251D","Via Leopardi, 104, 24052 Seriate (BG)","396570848","simone.bruno60@gmail.com","1988-06-18"
"110","Alessandro","Gallo","GLLLSS78T25K467A","Via Carducci, 40, 24082 Osio Sotto (BG)","353257939","alessandro.gallo80@gmail.com","1978-12-25"
"111","Antonio","Conti","CNTNTN82R14F571L","Via Cavour, 127, 24027 Treviglio (BG)","348697579","antonio.conti90@gmail.com","1982-10-14"
"112","Anna","Esposito","SPSNNX60H42U611C","Via Papa Giovanni XXIII, 38, 24020 Osio Sotto (BG)","385597966","anna.esposito38@gmail.com","1960-06-02"
"113","Andrea","Bruno","BRNNDR01B10R950E","Via Verdi, 130, 24052 Clusone (BG)","339874337","andrea.bruno29@gmail.com","2001-02-10"
"114","Giuseppe","Bianchi","BNCGSP57S27G099C","Via San Bernardino, 56, 24098 Clusone (BG)","362528293","giuseppe.bianchi09@gmail.com","1957-11-27"
"115","Anna","Greco","GRCNNX94S44O636P","Via San Bernardino, 130, 24095 Clusone (BG)","392772553","anna.greco47@gmail.com","1994-11-04"
"116","Alice","Russo","RSSLCX83P53W658B","Via Garibaldi, 85, 24022 Dalmine (BG)","392845500","alice.russo50@gmail.com","1983-09-13"
"117","Francesco","Russo","RSSFRN92D27Q041Y","Via Guglielmo d'Alzano, 36, 24068 Albino (BG)","347274346","francesco.russo28@gmail.com","1992-04-27"
"118","Giovanni","Fontana","FNTGVN70H18Y086J","Via Leopardi, 59, 24041 Bergamo (BG)","338508392","giovanni.fontana33@gmail.com","1970-06-18"
"119","Maria","Marino","MRNMRX57T57L214B","Via Garibaldi, 133, 24087 Treviglio (BG)","326223598","maria.marino30@gmail.com","1957-12-17"
"120","Martina","Mancini","MNCMRT65L64T674X","Via Leopardi, 19, 24030 Dalmine (BG)","376832587","martina.mancini38@gmail.com","1965-07-24"
"121","Luca","Fontana","FNTLCX97R31K860D","Via San Bernardino, 62, 24030 Seriate (BG)","347286662","luca.fontana42@gmail.com","1997-10-31"
"122","Valentina","Mancini","MNCVLN05A59D715Y","Via San Bernardino, 93, 24027 Stezzano (BG)","340651918","valentina.mancini70@gmail.com","2005-01-19"
"123","Antonio","Fontana","FNTNTN71D16A240D","Via Donizetti, 147, 24061 Bergamo (BG)","377038127","antonio.fontana45@gmail.com","1971-04-16"
"124","Christian","Russo","RSSCHR69S14X290Y","Via Crescenzi, 57, 24014 Stezzano (BG)","358645844","christian.russo83@gmail.com","1969-11-14"
"125","Valentina","Romano","RMNVLN78A68P665T","Via Papa Giovanni XXIII, 107, 24073 Stezzano (BG)","367347804","valentina.romano29@gmail.com","1978-01-28"
"126","Federico","Leone","LNXFDR80B22Z222U","Via Crescenzi, 7, 24071 Treviglio (BG)","344417707","federico.leone62@gmail.com","1980-02-22"
"127","Maria","Leone","LNXMRX59T44P101V","Via Roma, 120, 24055 Clusone (BG)","329263470","maria.leone09@gmail.com","1959-12-04"
"128","Andrea","Mancini","MNCNDR70E05S679K","Via San Bernardino, 39, 24068 Albino (BG)","333267360","andrea.mancini55@gmail.com","1970-05-05"
"129","Giuseppe","Ferrari","FRRGSP87M31T360I","Via Garibaldi, 101, 24087 Clusone (BG)","397251657","giuseppe.ferrari92@gmail.com","1987-08-31"
"130","Martina","De Luca","DLCMRT70D61K667C","Via Cavour, 106, 24049 Albino (BG)","332329606","martina.deluca71@gmail.com","1970-04-21"
"131","Anna","Colombo","CLMNNX93P51B997X","Via San Bernardino, 26, 24006 Albino (BG)","350775715","anna.colombo97@gmail.com","1993-09-11"
"132","Maria","Mancini","MNCMRX64R58C148C","Via Verdi, 11, 24068 Stezzano (BG)","377037693","maria.mancini54@gmail.com","1964-10-18"
"133","Elena","Fontana","FNTLNX79R51T820Z","Via Cavour, 97, 24095 Dalmine (BG)","354091325","elena.fontana74@gmail.com","1979-10-11"
"134","Lorenzo","Colombo","CLMLRN65L12L828D","Via Carducci, 55, 24046 Seriate (BG)","364405392","lorenzo.colombo01@gmail.com","1965-07-12"
"135","Maria","De Luca","DLCMRX93H48C480L","Via San Bernardino, 146, 24016 Clusone (BG)","390069924","maria.deluca60@gmail.com","1993-06-08"
"136","Maria","Bianchi","BNCMRX05B43L771Q","Via Crescenzi, 102, 24067 Dalmine (BG)","383957887","maria.bianchi40@gmail.com","2005-02-03"
"137","Elena","Rossi","RSSLNX94S56D194J","Via Carducci, 13, 24030 Dalmine (BG)","381299751","elena.rossi34@gmail.com","1994-11-16"
"138","Alessandro","Conti","CNTLSS65H12X566Q","Via Papa Giovanni XXIII, 25, 24094 Bergamo (BG)","353954898","alessandro.conti98@gmail.com","1965-06-12"
"139","Maria","Fontana","FNTMRX57E64A107I","Via Carducci, 138, 24001 Albino (BG)","359733639","maria.fontana54@gmail.com","1957-05-24"
"140","Alice","Colombo","CLMLCX74B65E179K","Via Guglielmo d'Alzano, 82, 24059 Seriate (BG)","382051924","alice.colombo37@gmail.com","1974-02-25"
"141","Marco","Rizzo","RZZMRC66C19Y688L","Via Roma, 83, 24001 Bergamo (BG)","346105355","marco.rizzo72@gmail.com","1966-03-19"
"142","Aurora","Conti","CNTRRX61L44H410N","Via Leopardi, 16, 24012 Stezzano (BG)","366603731","aurora.conti24@gmail.com","1961-07-04"
"143","Lorenzo","Mancini","MNCLRN60B04J557C","Viale Vittorio Emanuele II, 83, 24095 Stezzano (BG)","377949979","lorenzo.mancini62@gmail.com","1960-02-04"
"144","Vittoria","Rizzo","RZZVTT93R48A566G","Via Crescenzi, 90, 24001 Dalmine (BG)","344538333","vittoria.rizzo25@gmail.com","1993-10-08"
"145","Aurora","Gallo","GLLRRX54P56T549G","Via Palma il Vecchio, 94, 24098 Clusone (BG)","344285939","aurora.gallo43@gmail.com","1954-09-16"
"146","Christian","Esposito","SPSCHR91P11N385W","Via Leopardi, 19, 24052 Bergamo (BG)","320580333","christian.esposito19@gmail.com","1991-09-11"
"147","Greta","Fontana","FNTGRT62D57S084H","Via Verdi, 108, 24059 Stezzano (BG)","327810830","greta.fontana02@gmail.com","1962-04-17"
"148","Martina","Greco","GRCMRT66E53V080D","Via San Bernardino, 104, 24049 Treviglio (BG)","370328950","martina.greco52@gmail.com","1966-05-13"
"149","Martina","Rossi","RSSMRT03H48H429V","Via Palma il Vecchio, 17, 24094 Stezzano (BG)","352700176","martina.rossi79@gmail.com","2003-06-08"
"150","Christian","Leone","LNXCHR76B16Z356D","Viale Vittorio Emanuele II, 73, 24052 Bergamo (BG)","364490181","christian.leone57@gmail.com","1976-02-16"
"151","Martina","Caruso","CRSMRT53A43B262V","Viale Vittorio Emanuele II, 102, 24098 Clusone (BG)","380300699","martina.caruso18@gmail.com","1953-01-03"
"152","Riccardo","Greco","GRCRCC72E16V091S","Via Papa Giovanni XXIII, 122, 24052 Treviglio (BG)","362345328","riccardo.greco71@gmail.com","1972-05-16"
"153","Valentina","Colombo","CLMVLN94T50Z061D","Viale Vittorio Emanuele II, 45, 24082 Bergamo (BG)","375272805","valentina.colombo29@gmail.com","1994-12-10"
"154","Vittoria","Ferrari","FRRVTT81S67W550G","Via Crescenzi, 97, 24049 Seriate (BG)","380494046","vittoria.ferrari76@gmail.com","1981-11-27"
"155","Maria","Romano","RMNMRX59L41G290B","Via Donizetti, 51, 24040 Osio Sotto (BG)","340863367","maria.romano15@gmail.com","1959-07-01"
"156","Maria","Romano","RMNMRX89P45L976O","Via Carducci, 124, 24076 Clusone (BG)","374744098","maria.romano64@gmail.com","1989-09-05"
"157","Elena","Conti","CNTLNX67R62Y047Y","Via Cavour, 24, 24055 Treviglio (BG)","377766841","elena.conti96@gmail.com","1967-10-22"
"158","Simone","Mancini","MNCSMN68A08L965V","Via Leopardi, 49, 24039 Bergamo (BG)","358522448","simone.mancini08@gmail.com","1968-01-08"
"159","Giovanni","Costa","CSTGVN89H11A085Y","Via Cavour, 3, 24076 Seriate (BG)","396768307","giovanni.costa84@gmail.com","1989-06-11"
"160","Aurora","Ferrari","FRRRRX65A46G841H","Via Crescenzi, 90, 24076 Seriate (BG)","393476681","aurora.ferrari61@gmail.com","1965-01-06"
"161","Aurora","Russo","RSSRRX72H62X872M","Via Guglielmo d'Alzano, 138, 24046 Stezzano (BG)","373526241","aurora.russo20@gmail.com","1972-06-22"
"162","Marco","Greco","GRCMRC57R22U025Y","Via Verdi, 147, 24012 Albino (BG)","383568114","marco.greco07@gmail.com","1957-10-22"
"163","Riccardo","Costa","CSTRCC80D18H323E","Via Leopardi, 56, 24013 Albino (BG)","363195926","riccardo.costa15@gmail.com","1980-04-18"
"164","Davide","Fontana","FNTDVD01L29V793N","Via Garibaldi, 6, 24095 Clusone (BG)","350988353","davide.fontana38@gmail.com","2001-07-29"
"165","Greta","Ferrari","FRRGRT83C63P225E","Via Leopardi, 66, 24082 Bergamo (BG)","337301824","greta.ferrari59@gmail.com","1983-03-23"
"166","Anna","Ricci","RCCNNX81R45P341A","Via San Bernardino, 64, 24044 Treviglio (BG)","337374092","anna.ricci92@gmail.com","1981-10-05"
"167","Davide","Colombo","CLMDVD74S12A204Y","Via Carducci, 20, 24030 Treviglio (BG)","328501351","davide.colombo01@gmail.com","1974-11-12"
"168","Simone","Mancini","MNCSMN59T22Z409P","Via Giovanni Paolo II, 68, 24076 Clusone (BG)","395198929","simone.mancini71@gmail.com","1959-12-22"
"169","Vittoria","Mancini","MNCVTT74H63U311V","Via San Bernardino, 118, 24053 Osio Sotto (BG)","321801164","vittoria.mancini57@gmail.com","1974-06-23"
"170","Emma","Fontana","FNTMMX51S52L511L","Via San Bernardino, 115, 24027 Treviglio (BG)","333825534","emma.fontana49@gmail.com","1951-11-12"
"171","Sara","Esposito","SPSSRX84T61E446S","Via Roma, 65, 24096 Albino (BG)","386082213","sara.esposito26@gmail.com","1984-12-21"
"172","Greta","Mancini","MNCGRT86S52V232R","Via Roma, 76, 24001 Clusone (BG)","344340386","greta.mancini06@gmail.com","1986-11-12"
"173","Giulia","Rossi","RSSGLX00P67P066T","Via Carducci, 2, 24052 Treviglio (BG)","373214846","giulia.rossi94@gmail.com","2000-09-27"
"174","Aurora","Bruno","BRNRRX99S49R478E","Via Leopardi, 8, 24094 Albino (BG)","394361225","aurora.bruno43@gmail.com","1999-11-09"
"175","Giovanni","Colombo","CLMGVN02H22Z363S","Via Palma il Vecchio, 108, 24053 Seriate (BG)","384704059","giovanni.colombo19@gmail.com","2002-06-22"
"176","Lorenzo","Ricci","RCCLRN79T25A175F","Via Guglielmo d'Alzano, 112, 24091 Albino (BG)","351626801","lorenzo.ricci77@gmail.com","1979-12-25"
"177","Francesca","Ferrari","FRRFRN60M52I753H","Via Cavour, 71, 24096 Clusone (BG)","385377845","francesca.ferrari20@gmail.com","1960-08-12"
"178","Federico","Russo","RSSFDR59R17S239R","Via Papa Giovanni XXIII, 86, 24094 Dalmine (BG)","368092109","federico.russo06@gmail.com","1959-10-17"
"179","Elena","Rizzo","RZZLNX62H68E105N","Via Garibaldi, 75, 24055 Clusone (BG)","345923021","elena.rizzo37@gmail.com","1962-06-28"
"180","Maria","Conti","CNTMRX60D48O699E","Via Giovanni Paolo II, 66, 24039 Dalmine (BG)","332728429","maria.conti06@gmail.com","1960-04-08"
"181","Lorenzo","Colombo","CLMLRN00E12Q753B","Via Garibaldi, 88, 24001 Seriate (BG)","381298303","lorenzo.colombo12@gmail.com","2000-05-12"
"182","Antonio","Romano","RMNNTN85E05U901H","Via Donizetti, 2, 24059 Seriate (BG)","391532497","antonio.romano63@gmail.com","1985-05-05"
"183","Martina","Caruso","CRSMRT03E49V277T","Via Donizetti, 37, 24098 Bergamo (BG)","376935342","martina.caruso31@gmail.com","2003-05-09"
"184","Simone","Mancini","MNCSMN68M05O849K","Via Donizetti, 142, 24014 Albino (BG)","347193442","simone.mancini57@gmail.com","1968-08-05"
"185","Matteo","Caruso","CRSMTT66D08I831P","Via Carducci, 130, 24013 Bergamo (BG)","343017326","matteo.caruso73@gmail.com","1966-04-08"
"186","Antonio","Rossi","RSSNTN96R30S953N","Via Verdi, 65, 24012 Osio Sotto (BG)","370639481","antonio.rossi49@gmail.com","1996-10-30"
"187","Vittoria","Rizzo","RZZVTT91S69W577U","Via Giovanni Paolo II, 107, 24082 Clusone (BG)","320878145","vittoria.rizzo62@gmail.com","1991-11-29"
"188","Elena","Bianchi","BNCLNX66S62C727E","Via Verdi, 61, 24059 Albino (BG)","392771950","elena.bianchi35@gmail.com","1966-11-22"
"189","Giuseppe","Russo","RSSGSP96B05T568S","Viale Vittorio Emanuele II, 42, 24012 Clusone (BG)","387307834","giuseppe.russo86@gmail.com","1996-02-05"
"190","Anna","De Luca","DLCNNX54A59F043Q","Via Guglielmo d'Alzano, 30, 24003 Albino (BG)","390568168","anna.deluca24@gmail.com","1954-01-19"
"191","Sofia","Russo","RSSSFX00L71G392X","Via Palma il Vecchio, 130, 24024 Treviglio (BG)","380495528","sofia.russo40@gmail.com","2000-07-31"
"192","Antonio","Rossi","RSSNTN75T24E827M","Via Guglielmo d'Alzano, 76, 24037 Stezzano (BG)","375943306","antonio.rossi28@gmail.com","1975-12-24"
"193","Chiara","Caruso","CRSCHR87R66L017Q","Via Palma il Vecchio, 9, 24096 Treviglio (BG)","384946724","chiara.caruso23@gmail.com","1987-10-26"
"194","Lorenzo","Esposito","SPSLRN70C31U926U","Via Verdi, 107, 24012 Clusone (BG)","363816615","lorenzo.esposito18@gmail.com","1970-03-31"
"195","Marco","Esposito","SPSMRC71T28I375G","Via Verdi, 149, 24037 Treviglio (BG)","381201627","marco.esposito32@gmail.com","1971-12-28"
"196","Lorenzo","Rizzo","RZZLRN83D13L010O","Via Roma, 73, 24058 Dalmine (BG)","355728495","lorenzo.rizzo06@gmail.com","1983-04-13"
"197","Federico","Leone","LNXFDR00D23M340S","Viale Vittorio Emanuele II, 15, 24052 Bergamo (BG)","326117472","federico.leone30@gmail.com","2000-04-23"
"198","Andrea","Russo","RSSNDR87M22X143E","Via Guglielmo d'Alzano, 49, 24035 Clusone (BG)","321645496","andrea.russo92@gmail.com","1987-08-22"
"199","Marco","De Luca","DLCMRC75E05I634O","Via Giovanni Paolo II, 3, 24098 Clusone (BG)","327613663","marco.deluca30@gmail.com","1975-05-05"
"200","Alessandro","Russo","RSSLSS52L31S818U","Via Leopardi, 59, 24046 Bergamo (BG)","399758826","alessandro.russo96@gmail.com","1952-07-31"
"201","Sara","Conti","CNTSRX50R51N876L","Viale Vittorio Emanuele II, 97, 24012 Dalmine (BG)","369580133","sara.conti60@gmail.com","1950-10-11"
"202","Andrea","Costa","CSTNDR55C04N874W","Via Leopardi, 39, 24057 Treviglio (BG)","347003012","andrea.costa70@gmail.com","1955-03-04"
"203","Andrea","Costa","CSTNDR87C08P327A","Via Cavour, 87, 24020 Clusone (BG)","365396172","andrea.costa38@gmail.com","1987-03-08"
"204","Vittoria","Bruno","BRNVTT72T63L553S","Via Cavour, 75, 24022 Dalmine (BG)","378443897","vittoria.bruno26@gmail.com","1972-12-23"
"205","Emma","Leone","LNXMMX78L42Z552P","Via Crescenzi, 104, 24022 Stezzano (BG)","381683055","emma.leone90@gmail.com","1978-07-02"
"206","Greta","Mancini","MNCGRT53E46I104D","Via Roma, 55, 24067 Stezzano (BG)","395987968","greta.mancini97@gmail.com","1953-05-06"
"207","Giovanni","Marino","MRNGVN75B14L632N","Via Papa Giovanni XXIII, 52, 24029 Stezzano (BG)","342980372","giovanni.marino70@gmail.com","1975-02-14"
"208","Chiara","Leone","LNXCHR76L43F534S","Via Carducci, 61, 24001 Albino (BG)","321500988","chiara.leone83@gmail.com","1976-07-03"
"209","Alice","Ferrari","FRRLCX61C66U496O","Via Cavour, 15, 24017 Osio Sotto (BG)","346217236","alice.ferrari70@gmail.com","1961-03-26"
"210","Sara","Fontana","FNTSRX75A46Y692Z","Via Leopardi, 6, 24098 Dalmine (BG)","379191635","sara.fontana13@gmail.com","1975-01-06"
"211","Sara","Mancini","MNCSRX91B68N956X","Via Palma il Vecchio, 35, 24024 Clusone (BG)","389438066","sara.mancini39@gmail.com","1991-02-28"
"212","Davide","De Luca","DLCDVD84P02S471Q","Via Cavour, 122, 24094 Seriate (BG)","390204495","davide.deluca86@gmail.com","1984-09-02"
"213","Sara","Ricci","RCCSRX65P64L741M","Via Crescenzi, 18, 24052 Dalmine (BG)","376451501","sara.ricci46@gmail.com","1965-09-24"
"214","Chiara","Marino","MRNCHR95P49P067O","Via Palma il Vecchio, 72, 24013 Clusone (BG)","321921694","chiara.marino18@gmail.com","1995-09-09"
"215","Luca","Rizzo","RZZLCX68P10A949C","Via Garibaldi, 62, 24049 Seriate (BG)","324771698","luca.rizzo18@gmail.com","1968-09-10"
"216","Alice","Ferrari","FRRLCX50S60W206G","Via Palma il Vecchio, 74, 24003 Bergamo (BG)","361332872","alice.ferrari45@gmail.com","1950-11-20"
"217","Alessandro","Costa","CSTLSS82T16Z492E","Via Cavour, 89, 24012 Clusone (BG)","396136172","alessandro.costa54@gmail.com","1982-12-16"
"218","Giuseppe","Greco","GRCGSP77T04S188W","Via San Bernardino, 37, 24076 Stezzano (BG)","351240987","giuseppe.greco67@gmail.com","1977-12-04"
"219","Antonio","Mancini","MNCNTN54S14I022V","Via Leopardi, 101, 24061 Stezzano (BG)","346037285","antonio.mancini55@gmail.com","1954-11-14"
"220","Greta","Leone","LNXGRT92H47J724W","Via Garibaldi, 27, 24046 Treviglio (BG)","390023039","greta.leone54@gmail.com","1992-06-07"
"221","Matteo","Fontana","FNTMTT73H06S775U","Via Giovanni Paolo II, 108, 24033 Osio Sotto (BG)","333028436","matteo.fontana44@gmail.com","1973-06-06"
"222","Marco","Marino","MRNMRC04A23F644D","Via Carducci, 140, 24049 Treviglio (BG)","346961465","marco.marino25@gmail.com","2004-01-23"
"223","Matteo","Costa","CSTMTT73L19B878Y","Via Papa Giovanni XXIII, 40, 24030 Osio Sotto (BG)","365920478","matteo.costa72@gmail.com","1973-07-19"
"224","Aurora","Ferrari","FRRRRX56T60N917Y","Via Giovanni Paolo II, 6, 24044 Seriate (BG)","393379227","aurora.ferrari01@gmail.com","1956-12-20"
"225","Federico","Costa","CSTFDR69H28Z309V","Via Leopardi, 105, 24098 Albino (BG)","388522511","federico.costa58@gmail.com","1969-06-28"
"226","Francesco","Rossi","RSSFRN56C09F607I","Via Donizetti, 78, 24039 Stezzano (BG)","399796536","francesco.rossi96@gmail.com","1956-03-09"
"227","Marco","Mancini","MNCMRC01B01J612Z","Via Verdi, 45, 24001 Treviglio (BG)","320006145","marco.mancini51@gmail.com","2001-02-01"
"228","Chiara","Bruno","BRNCHR81C58A088P","Via Palma il Vecchio, 83, 24030 Osio Sotto (BG)","332689754","chiara.bruno13@gmail.com","1981-03-18"
"229","Andrea","Ferrari","FRRNDR76A31W234X","Viale Vittorio Emanuele II, 12, 24041 Osio Sotto (BG)","320079153","andrea.ferrari54@gmail.com","1976-01-31"
"230","Emma","Colombo","CLMMMX72C69X718U","Via Crescenzi, 59, 24026 Treviglio (BG)","381594145","emma.colombo95@gmail.com","1972-03-29"
"231","Antonio","Conti","CNTNTN83D20J768U","Via Giovanni Paolo II, 49, 24049 Albino (BG)","376916903","antonio.conti97@gmail.com","1983-04-20"
"232","Chiara","Conti","CNTCHR80R46N358H","Via Cavour, 100, 24076 Bergamo (BG)","329360325","chiara.conti64@gmail.com","1980-10-06"
"233","Martina","Colombo","CLMMRT90R59D090M","Via Donizetti, 60, 24061 Bergamo (BG)","360755197","martina.colombo71@gmail.com","1990-10-19"
"234","Marco","Romano","RMNMRC56M07R544G","Via Crescenzi, 69, 24052 Albino (BG)","363143297","marco.romano48@gmail.com","1956-08-07"
"235","Martina","De Luca","DLCMRT97C45H172S","Via Carducci, 91, 24014 Bergamo (BG)","345725029","martina.deluca20@gmail.com","1997-03-05"
"236","Francesca","Fontana","FNTFRN66S62Y935V","Via Carducci, 56, 24013 Osio Sotto (BG)","326306784","francesca.fontana72@gmail.com","1966-11-22"
"237","Aurora","Conti","CNTRRX64R60K734D","Via Cavour, 28, 24016 Albino (BG)","397626248","aurora.conti24@gmail.com","1964-10-20"
"238","Andrea","Mancini","MNCNDR05L14Q823R","Via Giovanni Paolo II, 132, 24053 Albino (BG)","350162265","andrea.mancini77@gmail.com","2005-07-14"
"239","Alice","Russo","RSSLCX64M67X066V","Via Verdi, 7, 24087 Treviglio (BG)","383003720","alice.russo46@gmail.com","1964-08-27"
"240","Elena","Esposito","SPSLNX83S66Q757B","Via Guglielmo d'Alzano, 72, 24001 Seriate (BG)","384245803","elena.esposito43@gmail.com","1983-11-26"
"241","Francesco","Bruno","BRNFRN50C06Y021F","Via Giovanni Paolo II, 148, 24033 Treviglio (BG)","386259515","francesco.bruno03@gmail.com","1950-03-06"
"242","Emma","Colombo","CLMMMX03B64Z650L","Via Roma, 96, 24096 Bergamo (BG)","350205548","emma.colombo54@gmail.com","2003-02-24"
"243","Vittoria","Gallo","GLLVTT98H43Z739C","Via Papa Giovanni XXIII, 13, 24052 Albino (BG)","335259311","vittoria.gallo26@gmail.com","1998-06-03"
"244","Alice","Costa","CSTLCX64H44G603O","Via Palma il Vecchio, 147, 24098 Clusone (BG)","368372025","alice.costa43@gmail.com","1964-06-04"
"245","Antonio","Greco","GRCNTN67M24J570K","Via Verdi, 136, 24012 Clusone (BG)","322920346","antonio.greco11@gmail.com","1967-08-24"
"246","Aurora","Bianchi","BNCRRX80P60K265X","Via San Bernardino, 52, 24096 Osio Sotto (BG)","351366215","aurora.bianchi79@gmail.com","1980-09-20"
"247","Vittoria","Rizzo","RZZVTT61B64H550W","Via San Bernardino, 80, 24003 Seriate (BG)","354974100","vittoria.rizzo36@gmail.com","1961-02-24"
"248","Anna","Costa","CSTNNX74E47Q750J","Via Carducci, 110, 24067 Osio Sotto (BG)","389742846","anna.costa45@gmail.com","1974-05-07"
"249","Anna","De Luca","DLCNNX94L69T868L","Via Carducci, 54, 24022 Stezzano (BG)","344319161","anna.deluca25@gmail.com","1994-07-29"
"250","Valentina","Marino","MRNVLN04E59U997Z","Viale Vittorio Emanuele II, 102, 24016 Albino (BG)","355136665","valentina.marino35@gmail.com","2004-05-19"
"251","Giulia","Rizzo","RZZGLX85S44S598S","Via Donizetti, 108, 24053 Stezzano (BG)","377539472","giulia.rizzo89@gmail.com","1985-11-04"
"252","Giulia","Ferrari","FRRGLX90A44M119X","Via Verdi, 6, 24039 Seriate (BG)","323767392","giulia.ferrari43@gmail.com","1990-01-04"
"253","Sofia","Marino","MRNSFX82L42Z894N","Via Roma, 76, 24035 Seriate (BG)","370687817","sofia.marino02@gmail.com","1982-07-02"
"254","Federico","Esposito","SPSFDR63R18W881J","Via Giovanni Paolo II, 107, 24098 Dalmine (BG)","335692498","federico.esposito01@gmail.com","1963-10-18"
"255","Martina","Ferrari","FRRMRT90C53G018G","Via Roma, 75, 24024 Osio Sotto (BG)","359260109","martina.ferrari80@gmail.com","1990-03-13"
"256","Giuseppe","Bruno","BRNGSP89D06J190Y","Via Garibaldi, 128, 24030 Osio Sotto (BG)","322315281","giuseppe.bruno98@gmail.com","1989-04-06"
"257","Elena","Greco","GRCLNX90D42B448P","Via Verdi, 5, 24037 Bergamo (BG)","384572591","elena.greco95@gmail.com","1990-04-02"
"258","Alice","Rossi","RSSLCX89T68E325P","Via Guglielmo d'Alzano, 32, 24053 Osio Sotto (BG)","320149399","alice.rossi16@gmail.com","1989-12-28"
"259","Christian","Esposito","SPSCHR78B16J621X","Via Donizetti, 15, 24094 Treviglio (BG)","354511023","christian.esposito87@gmail.com","1978-02-16"
"260","Elena","Russo","RSSLNX51D56U754G","Via Roma, 79, 24017 Seriate (BG)","341469620","elena.russo42@gmail.com","1951-04-16"
"261","Martina","Marino","MRNMRT61R64F582N","Viale Vittorio Emanuele II, 30, 24087 Bergamo (BG)","325413772","martina.marino43@gmail.com","1961-10-24"
"262","Alice","De Luca","DLCLCX97B48V792M","Via Leopardi, 14, 24053 Osio Sotto (BG)","343411458","alice.deluca71@gmail.com","1997-02-08"
"263","Lorenzo","Gallo","GLLLRN85S07S886A","Via Papa Giovanni XXIII, 97, 24041 Stezzano (BG)","368494698","lorenzo.gallo05@gmail.com","1985-11-07"
"264","Christian","Greco","GRCCHR96B01L275C","Via Guglielmo d'Alzano, 63, 24076 Albino (BG)","337377106","christian.greco63@gmail.com","1996-02-01"
"265","Luca","Ferrari","FRRLCX64H21F369W","Via Papa Giovanni XXIII, 77, 24027 Albino (BG)","384820451","luca.ferrari86@gmail.com","1964-06-21"
"266","Simone","Conti","CNTSMN02E09N509M","Via Palma il Vecchio, 123, 24044 Albino (BG)","394770974","simone.conti56@gmail.com","2002-05-09"
"267","Chiara","Rossi","RSSCHR59B58N001R","Via Leopardi, 14, 24098 Dalmine (BG)","399400630","chiara.rossi68@gmail.com","1959-02-18"
"268","Giovanni","Gallo","GLLGVN79D19W228T","Via Papa Giovanni XXIII, 103, 24059 Seriate (BG)","345904784","giovanni.gallo70@gmail.com","1979-04-19"
"269","Andrea","Bruno","BRNNDR80B21B262R","Via Crescenzi, 43, 24035 Osio Sotto (BG)","321989162","andrea.bruno92@gmail.com","1980-02-21"
"270","Sara","Bruno","BRNSRX55E47P570F","Via Crescenzi, 62, 24026 Stezzano (BG)","398348339","sara.bruno77@gmail.com","1955-05-07"
"271","Giovanni","Ferrari","FRRGVN90T22I321F","Via Crescenzi, 47, 24076 Stezzano (BG)","338546588","giovanni.ferrari53@gmail.com","1990-12-22"
"272","Francesco","Caruso","CRSFRN83C12T446G","Via Palma il Vecchio, 117, 24055 Bergamo (BG)","320580315","francesco.caruso45@gmail.com","1983-03-12"
"273","Elena","Conti","CNTLNX69B54S527C","Via Crescenzi, 138, 24068 Bergamo (BG)","361784193","elena.conti68@gmail.com","1969-02-14"
"274","Christian","Bruno","BRNCHR80T11I916Z","Via Leopardi, 50, 24017 Albino (BG)","331376945","christian.bruno24@gmail.com","1980-12-11"
"275","Vittoria","Marino","MRNVTT62B60A481H","Via Donizetti, 119, 24053 Treviglio (BG)","384537936","vittoria.marino36@gmail.com","1962-02-20"
"276","Matteo","De Luca","DLCMTT03B16G922S","Via Crescenzi, 83, 24076 Treviglio (BG)","384559459","matteo.deluca07@gmail.com","2003-02-16"
"277","Riccardo","Ferrari","FRRRCC55B16X305P","Via Donizetti, 118, 24030 Treviglio (BG)","338437781","riccardo.ferrari86@gmail.com","1955-02-16"
"278","Federico","Fontana","FNTFDR67R01B354D","Via Leopardi, 89, 24022 Stezzano (BG)","358184853","federico.fontana44@gmail.com","1967-10-01"
"279","Giovanni","Gallo","GLLGVN98A08A392P","Via Roma, 124, 24094 Bergamo (BG)","367913592","giovanni.gallo25@gmail.com","1998-01-08"
"280","Vittoria","Bianchi","BNCVTT89S54Z390M","Via Roma, 134, 24049 Bergamo (BG)","389894059","vittoria.bianchi07@gmail.com","1989-11-14"
"281","Valentina","Russo","RSSVLN70T53C638N","Via Roma, 85, 24001 Treviglio (BG)","330940232","valentina.russo36@gmail.com","1970-12-13"
"282","Federico","Mancini","MNCFDR69P18H871Z","Via Crescenzi, 37, 24052 Albino (BG)","384072468","federico.mancini43@gmail.com","1969-09-18"
"283","Riccardo","Russo","RSSRCC65R17E136T","Via Papa Giovanni XXIII, 86, 24037 Clusone (BG)","396558547","riccardo.russo95@gmail.com","1965-10-17"
"284","Riccardo","Greco","GRCRCC79A11G946Q","Via Palma il Vecchio, 92, 24016 Dalmine (BG)","369827420","riccardo.greco31@gmail.com","1979-01-11"
"285","Sofia","Ferrari","FRRSFX78A59U312I","Via Carducci, 43, 24020 Albino (BG)","367647846","sofia.ferrari84@gmail.com","1978-01-19"
"286","Antonio","Russo","RSSNTN82A25X207Q","Via Leopardi, 88, 24095 Treviglio (BG)","383918269","antonio.russo92@gmail.com","1982-01-25"
"287","Lorenzo","Colombo","CLMLRN91B08N434S","Via Cavour, 132, 24030 Bergamo (BG)","360179287","lorenzo.colombo97@gmail.com","1991-02-08"
"288","Simone","Mancini","MNCSMN61T07J820S","Via Giovanni Paolo II, 28, 24040 Seriate (BG)","389351820","simone.mancini40@gmail.com","1961-12-07"
"289","Elena","De Luca","DLCLNX82M58T219P","Via Palma il Vecchio, 135, 24061 Bergamo (BG)","349156792","elena.deluca48@gmail.com","1982-08-18"
"290","Simone","Mancini","MNCSMN66A05E425R","Via Donizetti, 115, 24044 Clusone (BG)","335744655","simone.mancini17@gmail.com","1966-01-05"
"291","Alice","Greco","GRCLCX88M61T693Q","Via Palma il Vecchio, 24, 24049 Stezzano (BG)","382563430","alice.greco90@gmail.com","1988-08-21"
"292","Davide","Marino","MRNDVD62L10L686H","Via Roma, 18, 24076 Osio Sotto (BG)","398211033","davide.marino66@gmail.com","1962-07-10"
"293","Giuseppe","Costa","CSTGSP74S28G132K","Via Donizetti, 13, 24046 Osio Sotto (BG)","335395745","giuseppe.costa10@gmail.com","1974-11-28"
"294","Anna","Ricci","RCCNNX03L44B182E","Via Guglielmo d'Alzano, 7, 24020 Osio Sotto (BG)","325958052","anna.ricci32@gmail.com","2003-07-04"
"295","Marco","Esposito","SPSMRC99A07Z863J","Via Palma il Vecchio, 124, 24022 Albino (BG)","360117218","marco.esposito56@gmail.com","1999-01-07"
"296","Martina","Colombo","CLMMRT98E65L595B","Via San Bernardino, 12, 24046 Osio Sotto (BG)","387740163","martina.colombo32@gmail.com","1998-05-25"
"297","Aurora","Greco","GRCRRX51S63Q633Y","Via Cavour, 9, 24076 Albino (BG)","365949112","aurora.greco95@gmail.com","1951-11-23"
"298","Luca","Costa","CSTLCX80H23A837G","Via Leopardi, 29, 24040 Dalmine (BG)","382285884","luca.costa37@gmail.com","1980-06-23"
"299","Francesca","De Luca","DLCFRN91E61L547R","Via Giovanni Paolo II, 117, 24094 Dalmine (BG)","368791492","francesca.deluca04@gmail.com","1991-05-21"
"300","Greta","De Luca","DLCGRT63E62L261B","Via Papa Giovanni XXIII, 146, 24013 Dalmine (BG)","384309982","greta.deluca79@gmail.com","1963-05-22"
